"","tsls_est_s1","tsls_se_s1","liml_est_s1","liml_se_s1","bekker_s1","tsls_est_s2","tsls_se_s2","liml_est_s2","liml_se_s3","bekker_s2","tsls_est_s3","tsls_se_s3","liml_est_s3","liml_se_s3","bekker_s3"
"1",0.107030470985194,0.0190039796780109,0.107204565688846,0.0190659665158911,0.0191244582446223,0.108201459712291,0.0169193464259366,0.116966103644529,0.0213138703673288,0.0221265850504605,0.094678899389038,0.011537017622832,0.128872842682085,0.0213138703673288,0.0374939111589859
"2",0.0900588849964947,0.0202444452911661,0.0902988566912768,0.0204696525178848,0.0206950794279701,0.0913861838896537,0.0173612397890445,0.0962455953275025,0.0197073822255417,0.0243395139584899,0.0965250006929637,0.0117043544903556,0.125938383484424,0.0197073822255417,0.0318500060923267
"3",0.10604448188792,0.0179985739214955,0.106236763803508,0.0180643562316356,0.0181265691976967,0.104888658783096,0.0157988462822662,0.111462980394776,0.0211319938767946,0.0198196426916512,0.0954248346263569,0.0121517910932386,0.12663120824692,0.0211319938767946,0.0351641704174608
